trait,pls_colunm
1,pls 
2,pls 
3,pls 
4,pls 
5,pls 
6,pls 
7,pls 
8,pls 
9,pls 
10,pls 
11,pls 
12,pls 
13,pls 
14,pls 
15,pls 
16,pls 
17,pls 
18,pls 
19,pls 
20,pls 
21,pls 
22,pls 
23,pls 
24,pls 
25,pls 
26,pls 
27,pls 
28,pls 
29,pls 
30,pls 
31,pls 
32,pls 
33,pls 
34,pls 
35,pls 
36,pls 
37,pls 
38,pls 
39,pls 
40,pls 
41,pls 
42,pls 
43,pls 
44,pls 
45,pls 
46,pls 
47,pls 
48,pls 
49,pls 
50,pls 
51,pls 
52,pls 
53,pls 
54,pls 
55,pls 
56,pls 
57,pls 
58,pls 
59,pls 
60,pls 
61,pls 
62,pls 
63,pls 
64,pls 
65,pls 
66,pls 
67,pls 
68,pls 
69,pls 
70,pls 
71,pls 
72,pls 
73,pls 
74,pls 
75,pls 
76,pls 
77,pls 
78,pls 
79,pls 
80,pls 
81,pls 
82,pls 
83,pls 
84,pls 
85,pls 
86,pls 
87,pls 
88,pls 
89,pls 
90,pls 
91,pls 
92,pls 
93,pls 
94,pls 
95,pls 
96,pls 
97,pls 
98,pls 
99,pls 
100,pls 
101,pls 
102,pls 
103,pls 
104,pls 
105,pls 
106,pls 
107,pls 
108,pls 
109,pls 
110,pls 
111,pls 
112,pls 
113,pls 
114,pls 
115,pls 
116,pls 
117,pls 
118,pls 
119,pls 
120,pls 
121,pls 
122,pls 
123,pls 
124,pls 
125,pls 
126,pls 
127,pls 
128,pls 
129,pls 
130,pls 
131,pls 
132,pls 
133,pls 
134,pls 
135,pls 
136,pls 
137,pls 
138,pls 
139,pls 
140,pls 
141,pls 
142,pls 
143,pls 
144,pls 
145,pls 
146,pls 
147,pls 
148,pls 
149,pls 
150,pls 
151,pls 
152,pls 
153,pls 
154,pls 
155,pls 
156,pls 
157,pls 
158,pls 
159,pls 
160,pls 
161,pls 
162,pls 
163,pls 
164,pls 
165,pls 
166,pls 
167,pls 
168,pls 
169,pls 
170,pls 
171,pls 
172,pls 
173,pls 
174,pls 
175,pls 
176,pls 
177,pls 
178,pls 
179,pls 
180,pls 
181,pls 
182,pls 
183,pls 
184,pls 
185,pls 
186,pls 
187,pls 
188,pls 
189,pls 
190,pls 
191,pls 
192,pls 
193,pls 
194,pls 
195,pls 
196,pls 
197,pls 
198,pls 
199,pls 
200,pls 
201,pls 
202,pls 
203,pls 
204,pls 
205,pls 
206,pls 
207,pls 
208,pls 
209,pls 
210,pls 
211,pls 
212,pls 
213,pls 
214,pls 
215,pls 
216,pls 
217,pls 
218,pls 
219,pls 
220,pls 
221,pls 
222,pls 
223,pls 
224,pls 
225,pls 
226,pls 
227,pls 
228,pls 
229,pls 
230,pls 
231,pls 
232,pls 
233,pls 
234,pls 
235,pls 
236,pls 
237,pls 
238,pls 
239,pls 
240,pls 
241,pls 
242,pls 
243,pls 
244,pls 
245,pls 
246,pls 
247,pls 
248,pls 
249,pls 
250,pls 
251,pls 
252,pls 
253,pls 
254,pls 
255,pls 
256,pls 
257,pls 
258,pls 
259,pls 
260,pls 
261,pls 
262,pls 
263,pls 
264,pls 
265,pls 
266,pls 
267,pls 
268,pls 
269,pls 
270,pls 
271,pls 
272,pls 
273,pls 
274,pls 
275,pls 
276,pls 
277,pls 
278,pls 
279,pls 
280,pls 
281,pls 
282,pls 
283,pls 
284,pls 
285,pls 
286,pls 
287,pls 
288,pls 
289,pls 
290,pls 
291,pls 
292,pls 
293,pls 
294,pls 
295,pls 
296,pls 
297,pls 
298,pls 
299,pls 
300,pls 
301,pls 
302,pls 
303,pls 
304,pls 
305,pls 
306,pls 
307,pls 
308,pls 
309,pls 
310,pls 
311,pls 
312,pls 
313,pls 
314,pls 
315,pls 
316,pls 
317,pls 
318,pls 
319,pls 
320,pls 
321,pls 
322,pls 
323,pls 
324,pls 
325,pls 
326,pls 
327,pls 
328,pls 
329,pls 
330,pls 
331,pls 
332,pls 
333,pls 
334,pls 
335,pls 
336,pls 
337,pls 
338,pls 
339,pls 
340,pls 
341,pls 
342,pls 
343,pls 
344,pls 
345,pls 
346,pls 
347,pls 
348,pls 
349,pls 
350,pls 
351,pls 
352,pls 
353,pls 
354,pls 
355,pls 
356,pls 
357,pls 
358,pls 
359,pls 
360,pls 
361,pls 
362,pls 
363,pls 
364,pls 
365,pls 
366,pls 
367,pls 
368,pls 
369,pls 
370,pls 
371,pls 
372,pls 
373,pls 
374,pls 
375,pls 
376,pls 
377,pls 
378,pls 
379,pls 
380,pls 
381,pls 
382,pls 
383,pls 
384,pls 
385,pls 
386,pls 
387,pls 
388,pls 
389,pls 
390,pls 
391,pls 
392,pls 
393,pls 
394,pls 
395,pls 
396,pls 
397,pls 
398,pls 
399,pls 
400,pls 
401,pls 
402,pls 
403,pls 
404,pls 
405,pls 
406,pls 
407,pls 
408,pls 
409,pls 
410,pls 
411,pls 
412,pls 
413,pls 
414,pls 
415,pls 
416,pls 
417,pls 
418,pls 
419,pls 
420,pls 
421,pls 
422,pls 
423,pls 
424,pls 
425,pls 
426,pls 
427,pls 
428,pls 
429,pls 
430,pls 
431,pls 
432,pls 
433,pls 
434,pls 
435,pls 
436,pls 
437,pls 
438,pls 
439,pls 
440,pls 
441,pls 
442,pls 
443,pls 
444,pls 
445,pls 
446,pls 
447,pls 
448,pls 
449,pls 
450,pls 
451,pls 
452,pls 
453,pls 
454,pls 
455,pls 
456,pls 
457,pls 
458,pls 
459,pls 
460,pls 
461,pls 
462,pls 
463,pls 
464,pls 
465,pls 
466,pls 
467,pls 
468,pls 
469,pls 
470,pls 
471,pls 
472,pls 
473,pls 
474,pls 
475,pls 
476,pls 
477,pls 
478,pls 
479,pls 
480,pls 
481,pls 
482,pls 
483,pls 
484,pls 
485,pls 
486,pls 
487,pls 
488,pls 
489,pls 
490,pls 
491,pls 
492,pls 
493,pls 
494,pls 
495,pls 
496,pls 
497,pls 
498,pls 
499,pls 
500,pls 
501,pls 
502,pls 
503,pls 
504,pls 
505,pls 
506,pls 
507,pls 
508,pls 
509,pls 
510,pls 
511,pls 
512,pls 
513,pls 
514,pls 
515,pls 
516,pls 
517,pls 
518,pls 
519,pls 
520,pls 
521,pls 
522,pls 
523,pls 
524,pls 
525,pls 
526,pls 
527,pls 
528,pls 
529,pls 
530,pls 
531,pls 
532,pls 
533,pls 
534,pls 
535,pls 
536,pls 
537,pls 
538,pls 
539,pls 
540,pls 
541,pls 
542,pls 
543,pls 
544,pls 
545,pls 
546,pls 
547,pls 
548,pls 
549,pls 
550,pls 
551,pls 
552,pls 
553,pls 
554,pls 
555,pls 
556,pls 
557,pls 
558,pls 
559,pls 
560,pls 
561,pls 
562,pls 
563,pls 
564,pls 
565,pls 
566,pls 
567,pls 
568,pls 
569,pls 
570,pls 
571,pls 
572,pls 
573,pls 
574,pls 
575,pls 
576,pls 
577,pls 
578,pls 
579,pls 
580,pls 
581,pls 
582,pls 
583,pls 
584,pls 
585,pls 
586,pls 
587,pls 
588,pls 
589,pls 
590,pls 
591,pls 
592,pls 
593,pls 
594,pls 
595,pls 
596,pls 
597,pls 
598,pls 
599,pls 
600,pls 
601,pls 
602,pls 
603,pls 
604,pls 
605,pls 
606,pls 
607,pls 
608,pls 
609,pls 
610,pls 
611,pls 
612,pls 
613,pls 
614,pls 
615,pls 
616,pls 
617,pls 
618,pls 
619,pls 
620,pls 
621,pls 
622,pls 
623,pls 
624,pls 
625,pls 
626,pls 
627,pls 
628,pls 
629,pls 
630,pls 
631,pls 
632,pls 
633,pls 
634,pls 
635,pls 
636,pls 
637,pls 
638,pls 
639,pls 
640,pls 
641,pls 
642,pls 
643,pls 
644,pls 
645,pls 
646,pls 
647,pls 
648,pls 
649,pls 
650,pls 
651,pls 
652,pls 
653,pls 
654,pls 
655,pls 
656,pls 
657,pls 
658,pls 
659,pls 
660,pls 
661,pls 
662,pls 
663,pls 
664,pls 
665,pls 
666,pls 
667,pls 
668,pls 
669,pls 
670,pls 
671,pls 
672,pls 
673,pls 
674,pls 
675,pls 
676,pls 
677,pls 
678,pls 
679,pls 
680,pls 
681,pls 
682,pls 
683,pls 
684,pls 
685,pls 
686,pls 
687,pls 
688,pls 
689,pls 
690,pls 
691,pls 
692,pls 
693,pls 
694,pls 
695,pls 
696,pls 
697,pls 
698,pls 
699,pls 
700,pls 
701,pls 
702,pls 
703,pls 
704,pls 
705,pls 
706,pls 
707,pls 
708,pls 
709,pls 
710,pls 
711,pls 
712,pls 
713,pls 
714,pls 
715,pls 
716,pls 
717,pls 
718,pls 
719,pls 
720,pls 
721,pls 
722,pls 
723,pls 
724,pls 
725,pls 
726,pls 
727,pls 
728,pls 
729,pls 
730,pls 
731,pls 
732,pls 
733,pls 
734,pls 
735,pls 
736,pls 
737,pls 
738,pls 
739,pls 
740,pls 
741,pls 
742,pls 
743,pls 
744,pls 
745,pls 
746,pls 
747,pls 
748,pls 
749,pls 
750,pls 
751,pls 
752,pls 
753,pls 
754,pls 
755,pls 
756,pls 
757,pls 
758,pls 
759,pls 
760,pls 
761,pls 
762,pls 
763,pls 
764,pls 
765,pls 
766,pls 
767,pls 
768,pls 
769,pls 
770,pls 
771,pls 
772,pls 
773,pls 
774,pls 
775,pls 
776,pls 
777,pls 
778,pls 
779,pls 
780,pls 
781,pls 
782,pls 
783,pls 
784,pls 
785,pls 
786,pls 
787,pls 
788,pls 
789,pls 
790,pls 
791,pls 
792,pls 
793,pls 
794,pls 
795,pls 
796,pls 
797,pls 
798,pls 
799,pls 
800,pls 
801,pls 
802,pls 
803,pls 
804,pls 
805,pls 
806,pls 
807,pls 
808,pls 
809,pls 
810,pls 
811,pls 
812,pls 
813,pls 
814,pls 
815,pls 
816,pls 
817,pls 
818,pls 
819,pls 
820,pls 
821,pls 
822,pls 
823,pls 
824,pls 
825,pls 
826,pls 
827,pls 
828,pls 
829,pls 
830,pls 
831,pls 
832,pls 
833,pls 
834,pls 
835,pls 
836,pls 
837,pls 
838,pls 
839,pls 
840,pls 
841,pls 
842,pls 
843,pls 
844,pls 
845,pls 
846,pls 
847,pls 
848,pls 
849,pls 
850,pls 
851,pls 
852,pls 
853,pls 
854,pls 
855,pls 
856,pls 
857,pls 
858,pls 
859,pls 
860,pls 
861,pls 
862,pls 
863,pls 
864,pls 
865,pls 
866,pls 
867,pls 
868,pls 
869,pls 
870,pls 
871,pls 
872,pls 
873,pls 
874,pls 
875,pls 
876,pls 
877,pls 
878,pls 
879,pls 
880,pls 
881,pls 
882,pls 
883,pls 
884,pls 
885,pls 
886,pls 
887,pls 
888,pls 
889,pls 
890,pls 
891,pls 
892,pls 
893,pls 
894,pls 
895,pls 
896,pls 
897,pls 
898,pls 
899,pls 
900,pls 
901,pls 
902,pls 
903,pls 
904,pls 
905,pls 
906,pls 
907,pls 
908,pls 
909,pls 
910,pls 
911,pls 
912,pls 
913,pls 
914,pls 
915,pls 
916,pls 
917,pls 
918,pls 
919,pls 
920,pls 
921,pls 
922,pls 
923,pls 
924,pls 
925,pls 
926,pls 
927,pls 
928,pls 
929,pls 
930,pls 
931,pls 
932,pls 
933,pls 
934,pls 
935,pls 
936,pls 
937,pls 
938,pls 
939,pls 
940,pls 
941,pls 
942,pls 
943,pls 
944,pls 
945,pls 
946,pls 
947,pls 
948,pls 
949,pls 
950,pls 
951,pls 
952,pls 
953,pls 
954,pls 
955,pls 
956,pls 
957,pls 
958,pls 
959,pls 
960,pls 
961,pls 
962,pls 
963,pls 
964,pls 
965,pls 
966,pls 
967,pls 
968,pls 
969,pls 
970,pls 
971,pls 
972,pls 
973,pls 
974,pls 
975,pls 
976,pls 
977,pls 
978,pls 
979,pls 
980,pls 
981,pls 
982,pls 
983,pls 
984,pls 
985,pls 
986,pls 
987,pls 
988,pls 
989,pls 
990,pls 
991,pls 
992,pls 
993,pls 
994,pls 
995,pls 
996,pls 
997,pls 
998,pls 
999,pls 
1000,pls 
1001,pls 
1002,pls 
1003,pls 
1004,pls 
1005,pls 
1006,pls 
1007,pls 
1008,pls 
1009,pls 
1010,pls 
1011,pls 
1012,pls 
1013,pls 
1014,pls 
1015,pls 
1016,pls 
1017,pls 
1018,pls 
1019,pls 
1020,pls 
1021,pls 
1022,pls 
1023,pls 
1024,pls 
1025,pls 
1026,pls 
1027,pls 
1028,pls 
1029,pls 
1030,pls 
1031,pls 
1032,pls 
1033,pls 
1034,pls 
1035,pls 
1036,pls 
1037,pls 
1038,pls 
1039,pls 
1040,pls 
1041,pls 
1042,pls 
1043,pls 
1044,pls 
1045,pls 
1046,pls 
1047,pls 
1048,pls 
1049,pls 
1050,pls 
1051,pls 
1052,pls 
1053,pls 
1054,pls 
1055,pls 
1056,pls 
1057,pls 
1058,pls 
1059,pls 
1060,pls 
1061,pls 
1062,pls 
1063,pls 
1064,pls 
1065,pls 
1066,pls 
1067,pls 
1068,pls 
1069,pls 
1070,pls 
1071,pls 
1072,pls 
1073,pls 
1074,pls 
1075,pls 
1076,pls 
1077,pls 
1078,pls 
1079,pls 
1080,pls 
1081,pls 
1082,pls 
1083,pls 
1084,pls 
1085,pls 
1086,pls 
1087,pls 
1088,pls 
1089,pls 
1090,pls 
1091,pls 
1092,pls 
1093,pls 
1094,pls 
1095,pls 
1096,pls 
1097,pls 
1098,pls 
1099,pls 
1100,pls 
1101,pls 
1102,pls 
1103,pls 
1104,pls 
1105,pls 
1106,pls 
1107,pls 
1108,pls 
1109,pls 
1110,pls 
1111,pls 
1112,pls 
1113,pls 
1114,pls 
1115,pls 
1116,pls 
1117,pls 
1118,pls 
1119,pls 
1120,pls 
1121,pls 
1122,pls 
1123,pls 
1124,pls 
1125,pls 
1126,pls 
1127,pls 
1128,pls 
1129,pls 
1130,pls 
1131,pls 
1132,pls 
1133,pls 
1134,pls 
1135,pls 
1136,pls 
1137,pls 
1138,pls 
1139,pls 
1140,pls 
1141,pls 
1142,pls 
1143,pls 
1144,pls 
1145,pls 
1146,pls 
1147,pls 
1148,pls 
1149,pls 
1150,pls 
1151,pls 
1152,pls 
1153,pls 
1154,pls 
1155,pls 
1156,pls 
1157,pls 
1158,pls 
1159,pls 
1160,pls 
1161,pls 
1162,pls 
1163,pls 
1164,pls 
1165,pls 
1166,pls 
1167,pls 
1168,pls 
1169,pls 
1170,pls 
1171,pls 
1172,pls 
1173,pls 
1174,pls 
1175,pls 
1176,pls 
1177,pls 
1178,pls 
1179,pls 
1180,pls 
1181,pls 
1182,pls 
1183,pls 
1184,pls 
1185,pls 
1186,pls 
1187,pls 
1188,pls 
1189,pls 
1190,pls 
1191,pls 
1192,pls 
1193,pls 
1194,pls 
1195,pls 
1196,pls 
1197,pls 
1198,pls 
1199,pls 
1200,pls 
1201,pls 
1202,pls 
1203,pls 
1204,pls 
1205,pls 
1206,pls 
1207,pls 
1208,pls 
1209,pls 
1210,pls 
1211,pls 
1212,pls 
1213,pls 
1214,pls 
1215,pls 
1216,pls 
1217,pls 
1218,pls 
1219,pls 
1220,pls 
1221,pls 
1222,pls 
1223,pls 
1224,pls 
1225,pls 
1226,pls 
1227,pls 
1228,pls 
1229,pls 
1230,pls 
1231,pls 
1232,pls 
1233,pls 
1234,pls 
1235,pls 
1236,pls 
1237,pls 
1238,pls 
1239,pls 
1240,pls 
1241,pls 
1242,pls 
1243,pls 
1244,pls 
1245,pls 
1246,pls 
1247,pls 
1248,pls 
1249,pls 
1250,pls 
1251,pls 
1252,pls 
1253,pls 
1254,pls 
1255,pls 
1256,pls 
1257,pls 
1258,pls 
1259,pls 
1260,pls 
1261,pls 
1262,pls 
1263,pls 
1264,pls 
1265,pls 
1266,pls 
1267,pls 
1268,pls 
1269,pls 
1270,pls 
1271,pls 
1272,pls 
1273,pls 
1274,pls 
1275,pls 
1276,pls 
1277,pls 
1278,pls 
1279,pls 
1280,pls 
1281,pls 
1282,pls 
1283,pls 
1284,pls 
1285,pls 
1286,pls 
1287,pls 
1288,pls 
1289,pls 
1290,pls 
1291,pls 
1292,pls 
1293,pls 
1294,pls 
1295,pls 
1296,pls 
1297,pls 
1298,pls 
1299,pls 
1300,pls 
1301,pls 
1302,pls 
1303,pls 
1304,pls 
1305,pls 
1306,pls 
1307,pls 
1308,pls 
1309,pls 
1310,pls 
1311,pls 
1312,pls 
1313,pls 
1314,pls 
1315,pls 
1316,pls 
1317,pls 
1318,pls 
1319,pls 
1320,pls 
1321,pls 
1322,pls 
1323,pls 
1324,pls 
1325,pls 
1326,pls 
1327,pls 
1328,pls 
1329,pls 
1330,pls 
1331,pls 
1332,pls 
1333,pls 
1334,pls 
1335,pls 
1336,pls 
1337,pls 
1338,pls 
1339,pls 
1340,pls 
1341,pls 
1342,pls 
1343,pls 
1344,pls 
1345,pls 
1346,pls 
1347,pls 
1348,pls 
1349,pls 
1350,pls 
1351,pls 
1352,pls 
1353,pls 
1354,pls 
1355,pls 
1356,pls 
1357,pls 
1358,pls 
1359,pls 
1360,pls 
1361,pls 
1362,pls 
1363,pls 
1364,pls 
1365,pls 
1366,pls 
1367,pls 
1368,pls 
1369,pls 
1370,pls 
1371,pls 
1372,pls 
1373,pls 
1374,pls 
1375,pls 
1376,pls 
1377,pls 
1378,pls 
1379,pls 
1380,pls 
1381,pls 
1382,pls 
1383,pls 
1384,pls 
1385,pls 
1386,pls 
1387,pls 
1388,pls 
1389,pls 
1390,pls 
1391,pls 
1392,pls 
1393,pls 
1394,pls 
1395,pls 
1396,pls 
1397,pls 
1398,pls 
1399,pls 
1400,pls 
1401,pls 
1402,pls 
1403,pls 
1404,pls 
1405,pls 
1406,pls 
1407,pls 
1408,pls 
1409,pls 
1410,pls 
1411,pls 
1412,pls 
1413,pls 
1414,pls 
1415,pls 
1416,pls 
1417,pls 
1418,pls 
1419,pls 
1420,pls 
1421,pls 
1422,pls 
1423,pls 
1424,pls 
1425,pls 
1426,pls 
1427,pls 
1428,pls 
1429,pls 
1430,pls 
1431,pls 
1432,pls 
1433,pls 
1434,pls 
1435,pls 
1436,pls 
1437,pls 
1438,pls 
1439,pls 
1440,pls 
1441,pls 
1442,pls 
1443,pls 
1444,pls 
1445,pls 
1446,pls 
1447,pls 
1448,pls 
1449,pls 
1450,pls 
1451,pls 
1452,pls 
1453,pls 
1454,pls 
1455,pls 
1456,pls 
1457,pls 
1458,pls 
1459,pls 
1460,pls 
1461,pls 
1462,pls 
1463,pls 
1464,pls 
1465,pls 
1466,pls 
1467,pls 
1468,pls 
1469,pls 
1470,pls 
1471,pls 
1472,pls 
1473,pls 
1474,pls 
1475,pls 
1476,pls 
1477,pls 
1478,pls 
1479,pls 
1480,pls 
1481,pls 
1482,pls 
1483,pls 
1484,pls 
1485,pls 
1486,pls 
1487,pls 
1488,pls 
1489,pls 
1490,pls 
1491,pls 
1492,pls 
1493,pls 
1494,pls 
1495,pls 
1496,pls 
1497,pls 
1498,pls 
1499,pls 
1500,pls 
1501,pls 
1502,pls 
1503,pls 
1504,pls 
1505,pls 
1506,pls 
1507,pls 
1508,pls 
1509,pls 
1510,pls 
1511,pls 
1512,pls 
1513,pls 
1514,pls 
1515,pls 
1516,pls 
1517,pls 
1518,pls 
1519,pls 
1520,pls 
1521,pls 
1522,pls 
1523,pls 
1524,pls 
1525,pls 
1526,pls 
1527,pls 
1528,pls 
1529,pls 
1530,pls 
1531,pls 
1532,pls 
1533,pls 
1534,pls 
1535,pls 
1536,pls 
1537,pls 
1538,pls 
1539,pls 
1540,pls 
1541,pls 
1542,pls 
1543,pls 
1544,pls 
1545,pls 
1546,pls 
1547,pls 
1548,pls 
1549,pls 
1550,pls 
1551,pls 
1552,pls 
1553,pls 
1554,pls 
1555,pls 
1556,pls 
1557,pls 
1558,pls 
1559,pls 
1560,pls 
1561,pls 
1562,pls 
1563,pls 
1564,pls 
1565,pls 
1566,pls 
1567,pls 
1568,pls 
1569,pls 
1570,pls 
1571,pls 
1572,pls 
1573,pls 
1574,pls 
1575,pls 
1576,pls 
1577,pls 
1578,pls 
1579,pls 
1580,pls 
1581,pls 
1582,pls 
1583,pls 
1584,pls 
1585,pls 
1586,pls 
1587,pls 
1588,pls 
1589,pls 
1590,pls 
1591,pls 
1592,pls 
1593,pls 
1594,pls 
1595,pls 
1596,pls 
1597,pls 
1598,pls 
1599,pls 
1600,pls 
1601,pls 
1602,pls 
1603,pls 
1604,pls 
1605,pls 
1606,pls 
1607,pls 
1608,pls 
1609,pls 
1610,pls 
1611,pls 
1612,pls 
1613,pls 
1614,pls 
1615,pls 
1616,pls 
1617,pls 
1618,pls 
1619,pls 
1620,pls 
1621,pls 
1622,pls 
1623,pls 
1624,pls 
1625,pls 
1626,pls 
1627,pls 
1628,pls 
1629,pls 
1630,pls 
1631,pls 
1632,pls 
1633,pls 
1634,pls 
1635,pls 
1636,pls 
1637,pls 
1638,pls 
1639,pls 
1640,pls 
1641,pls 
1642,pls 
1643,pls 
1644,pls 
1645,pls 
1646,pls 
1647,pls 
1648,pls 
1649,pls 
1650,pls 
1651,pls 
1652,pls 
1653,pls 
1654,pls 
1655,pls 
1656,pls 
1657,pls 
1658,pls 
1659,pls 
1660,pls 
1661,pls 
1662,pls 
1663,pls 
1664,pls 
1665,pls 
1666,pls 
1667,pls 
1668,pls 
1669,pls 
1670,pls 
1671,pls 
1672,pls 
1673,pls 
1674,pls 
1675,pls 
1676,pls 
1677,pls 
1678,pls 
1679,pls 
1680,pls 
1681,pls 
1682,pls 
1683,pls 
1684,pls 
1685,pls 
1686,pls 
1687,pls 
1688,pls 
1689,pls 
1690,pls 
1691,pls 
1692,pls 
1693,pls 
1694,pls 
1695,pls 
1696,pls 
1697,pls 
1698,pls 
1699,pls 
1700,pls 
1701,pls 
1702,pls 
1703,pls 
1704,pls 
1705,pls 
1706,pls 
1707,pls 
1708,pls 
1709,pls 
1710,pls 
1711,pls 
1712,pls 
1713,pls 
1714,pls 
1715,pls 
1716,pls 
1717,pls 
1718,pls 
1719,pls 
1720,pls 
1721,pls 
1722,pls 
1723,pls 
1724,pls 
1725,pls 
1726,pls 
1727,pls 
1728,pls 
1729,pls 
1730,pls 
1731,pls 
1732,pls 
1733,pls 
1734,pls 
1735,pls 
1736,pls 
1737,pls 
1738,pls 
1739,pls 
1740,pls 
1741,pls 
1742,pls 
1743,pls 
1744,pls 
1745,pls 
1746,pls 
1747,pls 
1748,pls 
1749,pls 
1750,pls 
1751,pls 
1752,pls 
1753,pls 
1754,pls 
1755,pls 
1756,pls 
1757,pls 
1758,pls 
1759,pls 
1760,pls 
1761,pls 
1762,pls 
1763,pls 
1764,pls 
1765,pls 
1766,pls 
1767,pls 
1768,pls 
1769,pls 
1770,pls 
1771,pls 
1772,pls 
1773,pls 
1774,pls 
1775,pls 
1776,pls 
1777,pls 
1778,pls 
1779,pls 
1780,pls 
1781,pls 
1782,pls 
1783,pls 
1784,pls 
1785,pls 
1786,pls 
1787,pls 
1788,pls 
1789,pls 
1790,pls 
1791,pls 
1792,pls 
1793,pls 
1794,pls 
1795,pls 
1796,pls 
1797,pls 
1798,pls 
1799,pls 
1800,pls 
1801,pls 
1802,pls 
1803,pls 
1804,pls 
1805,pls 
1806,pls 
1807,pls 
1808,pls 
1809,pls 
1810,pls 
1811,pls 
1812,pls 
1813,pls 
1814,pls 
1815,pls 
1816,pls 
1817,pls 
1818,pls 
1819,pls 
1820,pls 
1821,pls 
1822,pls 
1823,pls 
1824,pls 
1825,pls 
1826,pls 
1827,pls 
1828,pls 
1829,pls 
1830,pls 
1831,pls 
1832,pls 
1833,pls 
1834,pls 
1835,pls 
1836,pls 
1837,pls 
1838,pls 
1839,pls 
1840,pls 
1841,pls 
1842,pls 
1843,pls 
1844,pls 
1845,pls 
1846,pls 
1847,pls 
1848,pls 
1849,pls 
1850,pls 
1851,pls 
1852,pls 
1853,pls 
1854,pls 
1855,pls 
1856,pls 
1857,pls 
1858,pls 
1859,pls 
1860,pls 
1861,pls 
1862,pls 
1863,pls 
1864,pls 
1865,pls 
1866,pls 
1867,pls 
1868,pls 
1869,pls 
1870,pls 
1871,pls 
1872,pls 
1873,pls 
1874,pls 
1875,pls 
1876,pls 
1877,pls 
1878,pls 
1879,pls 
1880,pls 
1881,pls 
1882,pls 
1883,pls 
1884,pls 
1885,pls 
1886,pls 
1887,pls 
1888,pls 
1889,pls 
1890,pls 
1891,pls 
1892,pls 
1893,pls 
1894,pls 
1895,pls 
1896,pls 
1897,pls 
1898,pls 
1899,pls 
1900,pls 
1901,pls 
1902,pls 
1903,pls 
1904,pls 
1905,pls 
1906,pls 
1907,pls 
1908,pls 
1909,pls 
1910,pls 
1911,pls 
1912,pls 
1913,pls 
1914,pls 
1915,pls 
1916,pls 
1917,pls 
1918,pls 
1919,pls 
1920,pls 
1921,pls 
1922,pls 
1923,pls 
1924,pls 
1925,pls 
1926,pls 
1927,pls 
1928,pls 
1929,pls 
1930,pls 
1931,pls 
1932,pls 
1933,pls 
1934,pls 
1935,pls 
1936,pls 
1937,pls 
1938,pls 
1939,pls 
1940,pls 
1941,pls 
1942,pls 
1943,pls 
1944,pls 
1945,pls 
1946,pls 
1947,pls 
1948,pls 
1949,pls 
1950,pls 
1951,pls 
1952,pls 
1953,pls 
1954,pls 
1955,pls 
1956,pls 
1957,pls 
1958,pls 
1959,pls 
1960,pls 
1961,pls 
1962,pls 
1963,pls 
1964,pls 
1965,pls 
1966,pls 
1967,pls 
1968,pls 
1969,pls 
1970,pls 
1971,pls 
1972,pls 
1973,pls 
1974,pls 
1975,pls 
1976,pls 
1977,pls 
1978,pls 
1979,pls 
1980,pls 
1981,pls 
1982,pls 
1983,pls 
1984,pls 
1985,pls 
1986,pls 
1987,pls 
1988,pls 
1989,pls 
1990,pls 
1991,pls 
1992,pls 
1993,pls 
1994,pls 
1995,pls 
1996,pls 
1997,pls 
1998,pls 
1999,pls 
2000,pls 
2001,pls 
2002,pls 
2003,pls 
2004,pls 
2005,pls 
2006,pls 
2007,pls 
2008,pls 
2009,pls 
2010,pls 
2011,pls 
2012,pls 
2013,pls 
2014,pls 
2015,pls 
2016,pls 
2017,pls 
2018,pls 
2019,pls 
2020,pls 
2021,pls 
2022,pls 
2023,pls 
2024,pls 
2025,pls 
2026,pls 
2027,pls 
2028,pls 
2029,pls 
2030,pls 
2031,pls 
2032,pls 
2033,pls 
2034,pls 
2035,pls 
2036,pls 
2037,pls 
2038,pls 
2039,pls 
2040,pls 
2041,pls 
2042,pls 
2043,pls 
2044,pls 
2045,pls 
2046,pls 
2047,pls 
2048,pls 
2049,pls 
2050,pls 
2051,pls 
2052,pls 
2053,pls 
2054,pls 
2055,pls 
2056,pls 
2057,pls 
2058,pls 
2059,pls 
2060,pls 
2061,pls 
2062,pls 
2063,pls 
2064,pls 
2065,pls 
2066,pls 
2067,pls 
2068,pls 
2069,pls 
2070,pls 
2071,pls 
2072,pls 
2073,pls 
2074,pls 
2075,pls 
2076,pls 
2077,pls 
2078,pls 
2079,pls 
2080,pls 
2081,pls 
2082,pls 
2083,pls 
2084,pls 
2085,pls 
2086,pls 
2087,pls 
2088,pls 
2089,pls 
2090,pls 
2091,pls 
2092,pls 
2093,pls 
2094,pls 
2095,pls 
2096,pls 
2097,pls 
2098,pls 
2099,pls 
2100,pls 
2101,pls 
2102,pls 
2103,pls 
2104,pls 
2105,pls 
2106,pls 
2107,pls 
2108,pls 
2109,pls 
2110,pls 
2111,pls 
2112,pls 
2113,pls 
2114,pls 
2115,pls 
2116,pls 
2117,pls 
2118,pls 
2119,pls 
2120,pls 
2121,pls 
2122,pls 
2123,pls 
2124,pls 
2125,pls 
2126,pls 
2127,pls 
2128,pls 
2129,pls 
2130,pls 
2131,pls 
2132,pls 
2133,pls 
2134,pls 
2135,pls 
2136,pls 
2137,pls 
2138,pls 
2139,pls 
2140,pls 
2141,pls 
2142,pls 
2143,pls 
2144,pls 
2145,pls 
2146,pls 
2147,pls 
2148,pls 
2149,pls 
2150,pls 
2151,pls 
2152,pls 
2153,pls 
2154,pls 
2155,pls 
2156,pls 
2157,pls 
2158,pls 
2159,pls 
2160,pls 
2161,pls 
2162,pls 
2163,pls 
2164,pls 
2165,pls 
2166,pls 
2167,pls 
2168,pls 
2169,pls 
2170,pls 
2171,pls 
2172,pls 
2173,pls 
2174,pls 
2175,pls 
2176,pls 
2177,pls 
2178,pls 
2179,pls 
2180,pls 
2181,pls 
2182,pls 
2183,pls 
2184,pls 
2185,pls 
2186,pls 
2187,pls 
2188,pls 
2189,pls 
2190,pls 
2191,pls 
2192,pls 
2193,pls 
2194,pls 
2195,pls 
2196,pls 
2197,pls 
2198,pls 
2199,pls 
2200,pls 
2201,pls 
2202,pls 
2203,pls 
2204,pls 
2205,pls 
2206,pls 
2207,pls 
2208,pls 
2209,pls 
2210,pls 
2211,pls 
2212,pls 
2213,pls 
2214,pls 
2215,pls 
2216,pls 
2217,pls 
2218,pls 
2219,pls 
2220,pls 
2221,pls 
2222,pls 
2223,pls 
2224,pls 
2225,pls 
2226,pls 
2227,pls 
2228,pls 
2229,pls 
2230,pls 
2231,pls 
2232,pls 
2233,pls 
2234,pls 
2235,pls 
2236,pls 
2237,pls 
2238,pls 
2239,pls 
2240,pls 
2241,pls 
2242,pls 
2243,pls 
2244,pls 
2245,pls 
2246,pls 
2247,pls 
2248,pls 
2249,pls 
2250,pls 
2251,pls 
2252,pls 
2253,pls 
2254,pls 
2255,pls 
2256,pls 
2257,pls 
2258,pls 
2259,pls 
2260,pls 
2261,pls 
2262,pls 
2263,pls 
2264,pls 
2265,pls 
2266,pls 
2267,pls 
2268,pls 
2269,pls 
2270,pls 
2271,pls 
2272,pls 
2273,pls 
2274,pls 
2275,pls 
2276,pls 
2277,pls 
2278,pls 
2279,pls 
2280,pls 
2281,pls 
2282,pls 
2283,pls 
2284,pls 
2285,pls 
2286,pls 
2287,pls 
2288,pls 
2289,pls 
2290,pls 
2291,pls 
2292,pls 
2293,pls 
2294,pls 
2295,pls 
2296,pls 
2297,pls 
2298,pls 
2299,pls 
2300,pls 
2301,pls 
2302,pls 
2303,pls 
2304,pls 
2305,pls 
2306,pls 
2307,pls 
2308,pls 
2309,pls 
2310,pls 
2311,pls 
2312,pls 
2313,pls 
2314,pls 
2315,pls 
2316,pls 
2317,pls 
2318,pls 
2319,pls 
2320,pls 
2321,pls 
2322,pls 
2323,pls 
2324,pls 
2325,pls 
2326,pls 
2327,pls 
2328,pls 
2329,pls 
2330,pls 
2331,pls 
2332,pls 
2333,pls 
2334,pls 
2335,pls 
2336,pls 
2337,pls 
2338,pls 
2339,pls 
2340,pls 
2341,pls 
2342,pls 
2343,pls 
2344,pls 
2345,pls 
